trial,testing,parameters,initial_deadline,final_deadline,net_reward,actions,success
1,False,"{'a': 0.5, 'e': 0.9975}",25,0,-182.71328433799934,"{0: 14, 1: 0, 2: 8, 3: 0, 4: 3}",0
2,False,"{'a': 0.5, 'e': 0.995}",30,0,-149.39286864490816,"{0: 17, 1: 4, 2: 7, 3: 0, 4: 2}",0
3,False,"{'a': 0.5, 'e': 0.9925}",30,0,-135.4255465750579,"{0: 17, 1: 1, 2: 11, 3: 0, 4: 1}",0
4,False,"{'a': 0.5, 'e': 0.99}",20,0,-73.14458936067194,"{0: 12, 1: 4, 2: 3, 3: 0, 4: 1}",0
5,False,"{'a': 0.5, 'e': 0.9875}",20,0,-66.88730114316124,"{0: 11, 1: 2, 2: 7, 3: 0, 4: 0}",0
6,False,"{'a': 0.5, 'e': 0.985}",25,0,-235.19237223534017,"{0: 15, 1: 0, 2: 5, 3: 0, 4: 5}",0
7,False,"{'a': 0.5, 'e': 0.9825}",25,3,-64.55976255705521,"{0: 16, 1: 2, 2: 2, 3: 1, 4: 1}",1
8,False,"{'a': 0.5, 'e': 0.98}",20,0,-106.44742915881014,"{0: 11, 1: 2, 2: 5, 3: 1, 4: 1}",0
9,False,"{'a': 0.5, 'e': 0.9775}",20,0,-125.01877410125394,"{0: 10, 1: 2, 2: 5, 3: 2, 4: 1}",0
10,False,"{'a': 0.5, 'e': 0.975}",30,0,-95.46213498383136,"{0: 20, 1: 4, 2: 4, 3: 1, 4: 1}",0
11,False,"{'a': 0.5, 'e': 0.9725}",20,5,-41.72160429112347,"{0: 11, 1: 1, 2: 1, 3: 2, 4: 0}",1
12,False,"{'a': 0.5, 'e': 0.97}",25,0,-132.93740437429082,"{0: 11, 1: 3, 2: 9, 3: 2, 4: 0}",0
13,False,"{'a': 0.5, 'e': 0.9675}",20,0,-73.60741557237318,"{0: 13, 1: 2, 2: 4, 3: 0, 4: 1}",0
14,False,"{'a': 0.5, 'e': 0.965}",20,0,-125.84100449215867,"{0: 10, 1: 1, 2: 7, 3: 1, 4: 1}",0
15,False,"{'a': 0.5, 'e': 0.9625}",25,14,-42.516309827212375,"{0: 7, 1: 1, 2: 1, 3: 2, 4: 0}",1
16,False,"{'a': 0.5, 'e': 0.96}",30,7,-32.46644642194798,"{0: 17, 1: 1, 2: 5, 3: 0, 4: 0}",1
17,False,"{'a': 0.5, 'e': 0.9575}",25,0,-123.87933526144072,"{0: 11, 1: 4, 2: 8, 3: 2, 4: 0}",0
18,False,"{'a': 0.5, 'e': 0.955}",25,0,-36.2519143990131,"{0: 18, 1: 4, 2: 3, 3: 0, 4: 0}",0
19,False,"{'a': 0.5, 'e': 0.9525}",25,0,-93.45634555259628,"{0: 18, 1: 0, 2: 5, 3: 1, 4: 1}",0
20,False,"{'a': 0.5, 'e': 0.95}",25,0,-160.18676577672213,"{0: 17, 1: 1, 2: 3, 3: 1, 4: 3}",0
21,False,"{'a': 0.5, 'e': 0.9475}",20,0,-110.850017033374,"{0: 11, 1: 2, 2: 5, 3: 1, 4: 1}",0
22,False,"{'a': 0.5, 'e': 0.945}",20,0,-139.64246758828367,"{0: 13, 1: 1, 2: 3, 3: 0, 4: 3}",0
23,False,"{'a': 0.5, 'e': 0.9425}",30,0,-182.3969239634821,"{0: 15, 1: 5, 2: 7, 3: 1, 4: 2}",0
24,False,"{'a': 0.5, 'e': 0.94}",20,0,-171.09492277655846,"{0: 10, 1: 1, 2: 6, 3: 0, 4: 3}",0
25,False,"{'a': 0.5, 'e': 0.9375}",25,0,-84.5917005198114,"{0: 18, 1: 1, 2: 4, 3: 1, 4: 1}",0
26,False,"{'a': 0.5, 'e': 0.935}",30,0,-98.32107098521368,"{0: 20, 1: 2, 2: 7, 3: 0, 4: 1}",0
27,False,"{'a': 0.5, 'e': 0.9325}",30,0,-169.69407796321892,"{0: 17, 1: 1, 2: 10, 3: 0, 4: 2}",0
28,False,"{'a': 0.5, 'e': 0.9299999999999999}",25,0,-171.71273462617563,"{0: 13, 1: 3, 2: 5, 3: 2, 4: 2}",0
29,False,"{'a': 0.5, 'e': 0.9275}",20,0,-90.31587848414824,"{0: 11, 1: 3, 2: 5, 3: 0, 4: 1}",0
30,False,"{'a': 0.5, 'e': 0.925}",20,0,-12.57005344417242,"{0: 16, 1: 1, 2: 3, 3: 0, 4: 0}",0
31,False,"{'a': 0.5, 'e': 0.9225}",30,0,-265.903539406557,"{0: 18, 1: 3, 2: 3, 3: 0, 4: 6}",0
32,False,"{'a': 0.5, 'e': 0.92}",25,0,-81.01051221022247,"{0: 17, 1: 3, 2: 3, 3: 1, 4: 1}",0
33,False,"{'a': 0.5, 'e': 0.9175}",20,0,-67.42414116023791,"{0: 11, 1: 4, 2: 4, 3: 1, 4: 0}",0
34,False,"{'a': 0.5, 'e': 0.915}",20,0,-85.86173288934809,"{0: 11, 1: 4, 2: 4, 3: 0, 4: 1}",0
35,False,"{'a': 0.5, 'e': 0.9125}",25,0,-66.20922088566466,"{0: 17, 1: 1, 2: 6, 3: 1, 4: 0}",0
36,False,"{'a': 0.5, 'e': 0.91}",25,0,-41.41753389497475,"{0: 18, 1: 2, 2: 4, 3: 1, 4: 0}",0
37,False,"{'a': 0.5, 'e': 0.9075}",30,0,-78.24310363202896,"{0: 19, 1: 4, 2: 6, 3: 1, 4: 0}",1
38,False,"{'a': 0.5, 'e': 0.905}",20,0,2.100172002153635,"{0: 17, 1: 1, 2: 2, 3: 0, 4: 0}",0
39,False,"{'a': 0.5, 'e': 0.9025}",20,0,-127.14847918873996,"{0: 11, 1: 4, 2: 2, 3: 1, 4: 2}",0
40,False,"{'a': 0.5, 'e': 0.9}",20,0,-58.33653022632455,"{0: 15, 1: 1, 2: 3, 3: 0, 4: 1}",0
41,False,"{'a': 0.5, 'e': 0.8975}",30,0,-152.84140592870054,"{0: 18, 1: 2, 2: 6, 3: 3, 4: 1}",0
42,False,"{'a': 0.5, 'e': 0.895}",25,0,-161.5532794378807,"{0: 17, 1: 0, 2: 2, 3: 4, 4: 2}",0
43,False,"{'a': 0.5, 'e': 0.8925}",30,2,-131.79974101420643,"{0: 17, 1: 1, 2: 7, 3: 2, 4: 1}",1
44,False,"{'a': 0.5, 'e': 0.89}",25,0,-139.81628340367962,"{0: 14, 1: 4, 2: 4, 3: 1, 4: 2}",0
45,False,"{'a': 0.5, 'e': 0.8875}",20,7,-122.23363133563994,"{0: 8, 1: 1, 2: 1, 3: 0, 4: 3}",1
46,False,"{'a': 0.5, 'e': 0.885}",20,0,-106.95528100637821,"{0: 14, 1: 1, 2: 2, 3: 1, 4: 2}",0
47,False,"{'a': 0.5, 'e': 0.8825}",25,0,-42.073314113989824,"{0: 17, 1: 3, 2: 5, 3: 0, 4: 0}",0
48,False,"{'a': 0.5, 'e': 0.88}",20,0,-121.25023994761769,"{0: 13, 1: 2, 2: 2, 3: 1, 4: 2}",0
49,False,"{'a': 0.5, 'e': 0.8775}",20,0,-24.405291086700085,"{0: 15, 1: 1, 2: 4, 3: 0, 4: 0}",0
50,False,"{'a': 0.5, 'e': 0.875}",30,0,-53.24275713437134,"{0: 25, 1: 1, 2: 2, 3: 1, 4: 1}",0
51,False,"{'a': 0.5, 'e': 0.8725}",30,0,-161.54837804952066,"{0: 15, 1: 2, 2: 11, 3: 1, 4: 1}",0
52,False,"{'a': 0.5, 'e': 0.87}",20,0,-51.19900519349894,"{0: 15, 1: 2, 2: 2, 3: 0, 4: 1}",0
53,False,"{'a': 0.5, 'e': 0.8674999999999999}",30,0,-130.56642405169924,"{0: 20, 1: 2, 2: 6, 3: 0, 4: 2}",0
54,False,"{'a': 0.5, 'e': 0.865}",25,0,-221.31857316601617,"{0: 9, 1: 2, 2: 10, 3: 2, 4: 2}",0
55,False,"{'a': 0.5, 'e': 0.8625}",20,0,-40.82425380851156,"{0: 15, 1: 0, 2: 4, 3: 1, 4: 0}",0
56,False,"{'a': 0.5, 'e': 0.86}",20,0,-134.74961461696773,"{0: 11, 1: 0, 2: 7, 3: 0, 4: 2}",0
57,False,"{'a': 0.5, 'e': 0.8574999999999999}",20,0,-135.02833777564632,"{0: 13, 1: 2, 2: 2, 3: 0, 4: 3}",0
58,False,"{'a': 0.5, 'e': 0.855}",30,0,-134.60984609046784,"{0: 23, 1: 2, 2: 1, 3: 1, 4: 3}",0
59,False,"{'a': 0.5, 'e': 0.8525}",25,0,-172.70414241717546,"{0: 13, 1: 3, 2: 5, 3: 2, 4: 2}",0
60,False,"{'a': 0.5, 'e': 0.85}",25,0,-216.90758484496166,"{0: 11, 1: 3, 2: 7, 3: 1, 4: 3}",0
61,False,"{'a': 0.5, 'e': 0.8475}",20,9,-40.41105157059054,"{0: 6, 1: 0, 2: 5, 3: 0, 4: 0}",1
62,False,"{'a': 0.5, 'e': 0.845}",20,0,-51.99568791706983,"{0: 13, 1: 4, 2: 1, 3: 2, 4: 0}",0
63,False,"{'a': 0.5, 'e': 0.8425}",30,0,-113.48670895221082,"{0: 21, 1: 1, 2: 6, 3: 0, 4: 2}",0
64,False,"{'a': 0.5, 'e': 0.84}",25,0,-75.14168117446964,"{0: 17, 1: 2, 2: 5, 3: 0, 4: 1}",0
65,False,"{'a': 0.5, 'e': 0.8375}",30,0,-197.70691425289792,"{0: 19, 1: 3, 2: 4, 3: 0, 4: 4}",0
66,False,"{'a': 0.5, 'e': 0.835}",25,0,-130.0709727447323,"{0: 17, 1: 0, 2: 5, 3: 1, 4: 2}",0
67,False,"{'a': 0.5, 'e': 0.8325}",30,0,-237.20383443099306,"{0: 18, 1: 2, 2: 3, 3: 3, 4: 4}",0
68,False,"{'a': 0.5, 'e': 0.83}",25,0,-65.0553692267576,"{0: 18, 1: 2, 2: 4, 3: 0, 4: 1}",0
69,False,"{'a': 0.5, 'e': 0.8275}",35,7,-220.62269566404314,"{0: 18, 1: 1, 2: 2, 3: 3, 4: 4}",1
70,False,"{'a': 0.5, 'e': 0.825}",35,7,-83.47833259584525,"{0: 20, 1: 2, 2: 4, 3: 1, 4: 1}",1
71,False,"{'a': 0.5, 'e': 0.8225}",25,0,-49.85746247557682,"{0: 20, 1: 1, 2: 3, 3: 0, 4: 1}",0
72,False,"{'a': 0.5, 'e': 0.8200000000000001}",30,0,-166.48802288887816,"{0: 21, 1: 1, 2: 3, 3: 2, 4: 3}",0
73,False,"{'a': 0.5, 'e': 0.8175}",20,2,-39.42759467757089,"{0: 11, 1: 3, 2: 4, 3: 0, 4: 0}",1
74,False,"{'a': 0.5, 'e': 0.815}",20,0,-74.56509553527087,"{0: 11, 1: 4, 2: 3, 3: 2, 4: 0}",0
75,False,"{'a': 0.5, 'e': 0.8125}",30,0,-61.57632169261503,"{0: 20, 1: 3, 2: 7, 3: 0, 4: 0}",0
76,False,"{'a': 0.5, 'e': 0.81}",20,0,-79.69308087842104,"{0: 14, 1: 1, 2: 3, 3: 1, 4: 1}",0
77,False,"{'a': 0.5, 'e': 0.8075}",25,0,-100.66405783874198,"{0: 16, 1: 1, 2: 5, 3: 3, 4: 0}",0
78,False,"{'a': 0.5, 'e': 0.8049999999999999}",20,0,-77.22205854624721,"{0: 14, 1: 0, 2: 4, 3: 1, 4: 1}",0
79,False,"{'a': 0.5, 'e': 0.8025}",25,0,-111.43284447277019,"{0: 17, 1: 1, 2: 5, 3: 0, 4: 2}",0
80,False,"{'a': 0.5, 'e': 0.8}",20,0,-48.236510341174586,"{0: 15, 1: 1, 2: 2, 3: 2, 4: 0}",0
81,False,"{'a': 0.5, 'e': 0.7975}",30,0,-192.75080257374822,"{0: 14, 1: 3, 2: 8, 3: 4, 4: 1}",0
82,False,"{'a': 0.5, 'e': 0.7949999999999999}",25,0,-128.14366067695383,"{0: 16, 1: 1, 2: 4, 3: 3, 4: 1}",0
83,False,"{'a': 0.5, 'e': 0.7925}",20,0,-97.2801186675771,"{0: 13, 1: 2, 2: 2, 3: 2, 4: 1}",0
84,False,"{'a': 0.5, 'e': 0.79}",20,2,-73.58970768233044,"{0: 12, 1: 3, 2: 0, 3: 2, 4: 1}",1
85,False,"{'a': 0.5, 'e': 0.7875}",25,0,-88.41265044922284,"{0: 19, 1: 1, 2: 3, 3: 0, 4: 2}",0
86,False,"{'a': 0.5, 'e': 0.785}",25,4,-151.0679162856815,"{0: 11, 1: 1, 2: 6, 3: 1, 4: 2}",1
87,False,"{'a': 0.5, 'e': 0.7825}",20,0,-114.18063565297135,"{0: 12, 1: 2, 2: 4, 3: 0, 4: 2}",0
88,False,"{'a': 0.5, 'e': 0.78}",20,0,-90.08335922631125,"{0: 13, 1: 1, 2: 4, 3: 1, 4: 1}",0
89,False,"{'a': 0.5, 'e': 0.7775}",30,0,-162.80939587497448,"{0: 19, 1: 4, 2: 3, 3: 1, 4: 3}",0
90,False,"{'a': 0.5, 'e': 0.775}",30,10,-64.60350914124852,"{0: 16, 1: 2, 2: 0, 3: 0, 4: 2}",1
91,False,"{'a': 0.5, 'e': 0.7725}",20,0,-105.58578884809954,"{0: 10, 1: 5, 2: 3, 3: 1, 4: 1}",0
92,False,"{'a': 0.5, 'e': 0.77}",20,0,-92.42106164618998,"{0: 15, 1: 0, 2: 3, 3: 0, 4: 2}",0
93,False,"{'a': 0.5, 'e': 0.7675}",20,0,-101.58322606232642,"{0: 9, 1: 3, 2: 6, 3: 2, 4: 0}",0
94,False,"{'a': 0.5, 'e': 0.765}",20,0,-101.0343516134499,"{0: 10, 1: 3, 2: 6, 3: 0, 4: 1}",0
95,False,"{'a': 0.5, 'e': 0.7625}",35,0,-65.53728174559278,"{0: 29, 1: 2, 2: 2, 3: 0, 4: 2}",0
96,False,"{'a': 0.5, 'e': 0.76}",20,0,-157.34682204352035,"{0: 12, 1: 0, 2: 3, 3: 3, 4: 2}",0
97,False,"{'a': 0.5, 'e': 0.7575000000000001}",20,0,-57.751924428149586,"{0: 15, 1: 1, 2: 3, 3: 0, 4: 1}",0
98,False,"{'a': 0.5, 'e': 0.755}",20,0,-11.217025338909188,"{0: 15, 1: 3, 2: 2, 3: 0, 4: 0}",0
99,False,"{'a': 0.5, 'e': 0.7525}",25,0,-147.9987755685886,"{0: 16, 1: 0, 2: 5, 3: 2, 4: 2}",0
100,False,"{'a': 0.5, 'e': 0.75}",20,0,-94.30182295279482,"{0: 14, 1: 1, 2: 3, 3: 0, 4: 2}",0
101,False,"{'a': 0.5, 'e': 0.7475}",20,12,-10.367695514892723,"{0: 7, 1: 0, 2: 0, 3: 1, 4: 0}",1
102,False,"{'a': 0.5, 'e': 0.745}",25,0,-93.21345363319435,"{0: 17, 1: 3, 2: 2, 3: 2, 4: 1}",0
103,False,"{'a': 0.5, 'e': 0.7424999999999999}",30,11,-23.515516721545556,"{0: 15, 1: 0, 2: 3, 3: 1, 4: 0}",1
104,False,"{'a': 0.5, 'e': 0.74}",20,7,-75.86485485306589,"{0: 7, 1: 1, 2: 4, 3: 0, 4: 1}",1
105,False,"{'a': 0.5, 'e': 0.7375}",25,0,-14.873764115964535,"{0: 21, 1: 1, 2: 3, 3: 0, 4: 0}",0
106,False,"{'a': 0.5, 'e': 0.735}",20,0,-37.527385433707664,"{0: 14, 1: 3, 2: 2, 3: 1, 4: 0}",0
107,False,"{'a': 0.5, 'e': 0.7324999999999999}",25,0,-77.27676357949757,"{0: 19, 1: 1, 2: 2, 3: 2, 4: 1}",0
108,False,"{'a': 0.5, 'e': 0.73}",30,0,-70.27264477967319,"{0: 22, 1: 3, 2: 4, 3: 0, 4: 1}",0
109,False,"{'a': 0.5, 'e': 0.7275}",25,0,-95.0576778612761,"{0: 19, 1: 1, 2: 3, 3: 0, 4: 2}",0
110,False,"{'a': 0.5, 'e': 0.725}",20,0,-117.87925290895078,"{0: 12, 1: 3, 2: 2, 3: 1, 4: 2}",0
111,False,"{'a': 0.5, 'e': 0.7224999999999999}",30,0,-79.39247843644898,"{0: 22, 1: 2, 2: 5, 3: 0, 4: 1}",0
112,False,"{'a': 0.5, 'e': 0.72}",35,0,-208.2345984975704,"{0: 22, 1: 2, 2: 6, 3: 2, 4: 3}",0
113,False,"{'a': 0.5, 'e': 0.7175}",35,0,-179.47833602369124,"{0: 21, 1: 1, 2: 10, 3: 1, 4: 2}",0
114,False,"{'a': 0.5, 'e': 0.715}",30,18,-6.14489686945055,"{0: 9, 1: 2, 2: 1, 3: 0, 4: 0}",1
115,False,"{'a': 0.5, 'e': 0.7124999999999999}",20,0,-143.8476280503527,"{0: 12, 1: 2, 2: 3, 3: 0, 4: 3}",0
116,False,"{'a': 0.5, 'e': 0.71}",20,0,-37.72710618096515,"{0: 16, 1: 2, 2: 1, 3: 0, 4: 1}",0
117,False,"{'a': 0.5, 'e': 0.7075}",35,0,-132.57155771719036,"{0: 26, 1: 0, 2: 5, 3: 2, 4: 2}",0
118,False,"{'a': 0.5, 'e': 0.7050000000000001}",30,0,-58.82636213623613,"{0: 24, 1: 2, 2: 2, 3: 1, 4: 1}",0
119,False,"{'a': 0.5, 'e': 0.7025}",20,0,-42.59901272295457,"{0: 15, 1: 2, 2: 2, 3: 0, 4: 1}",0
120,False,"{'a': 0.5, 'e': 0.7}",20,0,-39.34354620855158,"{0: 16, 1: 2, 2: 1, 3: 0, 4: 1}",0
121,False,"{'a': 0.5, 'e': 0.6975}",20,0,-79.48875327873752,"{0: 15, 1: 1, 2: 2, 3: 0, 4: 2}",0
122,False,"{'a': 0.5, 'e': 0.6950000000000001}",20,6,-72.27086603744736,"{0: 11, 1: 0, 2: 1, 3: 0, 4: 2}",1
123,False,"{'a': 0.5, 'e': 0.6925}",20,0,-55.143023102352295,"{0: 12, 1: 4, 2: 3, 3: 1, 4: 0}",0
124,False,"{'a': 0.5, 'e': 0.69}",25,18,1.2206312483047927,"{0: 6, 1: 0, 2: 1, 3: 0, 4: 0}",1
125,False,"{'a': 0.5, 'e': 0.6875}",20,15,1.769596839777286,"{0: 4, 1: 1, 2: 0, 3: 0, 4: 0}",1
126,False,"{'a': 0.5, 'e': 0.685}",20,0,-72.70274693623104,"{0: 14, 1: 0, 2: 5, 3: 0, 4: 1}",1
127,False,"{'a': 0.5, 'e': 0.6825}",20,5,-24.514346957606957,"{0: 10, 1: 4, 2: 0, 3: 1, 4: 0}",1
128,False,"{'a': 0.5, 'e': 0.6799999999999999}",20,0,-58.70900956171582,"{0: 13, 1: 1, 2: 5, 3: 1, 4: 0}",0
129,False,"{'a': 0.5, 'e': 0.6775}",25,0,-15.133061359116653,"{0: 21, 1: 0, 2: 4, 3: 0, 4: 0}",0
130,False,"{'a': 0.5, 'e': 0.675}",35,0,-87.0133821722046,"{0: 25, 1: 2, 2: 7, 3: 0, 4: 1}",0
131,False,"{'a': 0.5, 'e': 0.6725}",20,4,-44.619903591205954,"{0: 10, 1: 1, 2: 5, 3: 0, 4: 0}",1
132,False,"{'a': 0.5, 'e': 0.6699999999999999}",25,8,-78.49961804220821,"{0: 9, 1: 2, 2: 4, 3: 2, 4: 0}",1
133,False,"{'a': 0.5, 'e': 0.6675}",30,0,-96.74234299961839,"{0: 19, 1: 4, 2: 6, 3: 0, 4: 1}",0
134,False,"{'a': 0.5, 'e': 0.665}",20,0,-26.166973886619562,"{0: 15, 1: 2, 2: 2, 3: 1, 4: 0}",1
135,False,"{'a': 0.5, 'e': 0.6625}",20,0,-129.02222961877433,"{0: 12, 1: 1, 2: 4, 3: 1, 4: 2}",0
136,False,"{'a': 0.5, 'e': 0.6599999999999999}",20,0,-72.88433448245581,"{0: 14, 1: 1, 2: 3, 3: 1, 4: 1}",0
137,False,"{'a': 0.5, 'e': 0.6575}",20,0,-48.2136377468454,"{0: 16, 1: 0, 2: 3, 3: 0, 4: 1}",0
138,False,"{'a': 0.5, 'e': 0.655}",20,0,-79.91178822882203,"{0: 12, 1: 3, 2: 4, 3: 0, 4: 1}",0
139,False,"{'a': 0.5, 'e': 0.6525}",25,0,-53.95439933461151,"{0: 18, 1: 2, 2: 3, 3: 2, 4: 0}",0
140,False,"{'a': 0.5, 'e': 0.6499999999999999}",30,0,-118.87205523766647,"{0: 20, 1: 1, 2: 6, 3: 2, 4: 1}",0
141,False,"{'a': 0.5, 'e': 0.6475}",25,0,-13.99193089484245,"{0: 21, 1: 0, 2: 4, 3: 0, 4: 0}",0
142,False,"{'a': 0.5, 'e': 0.645}",25,0,-37.01081151657266,"{0: 19, 1: 1, 2: 4, 3: 1, 4: 0}",0
143,False,"{'a': 0.5, 'e': 0.6425000000000001}",20,0,-11.411389770031187,"{0: 15, 1: 3, 2: 2, 3: 0, 4: 0}",0
144,False,"{'a': 0.5, 'e': 0.64}",20,0,-33.73342951168444,"{0: 14, 1: 3, 2: 2, 3: 1, 4: 0}",0
145,False,"{'a': 0.5, 'e': 0.6375}",20,0,-38.61917759759452,"{0: 16, 1: 2, 2: 1, 3: 0, 4: 1}",0
146,False,"{'a': 0.5, 'e': 0.635}",25,0,-93.28621832084696,"{0: 17, 1: 1, 2: 5, 3: 1, 4: 1}",0
147,False,"{'a': 0.5, 'e': 0.6325000000000001}",25,12,-50.11508445574272,"{0: 9, 1: 1, 2: 2, 3: 0, 4: 1}",1
148,False,"{'a': 0.5, 'e': 0.63}",20,0,-119.25924362664695,"{0: 13, 1: 0, 2: 4, 3: 1, 4: 2}",0
149,False,"{'a': 0.5, 'e': 0.6275}",20,0,-57.86857668579831,"{0: 15, 1: 1, 2: 3, 3: 0, 4: 1}",0
150,False,"{'a': 0.5, 'e': 0.625}",20,0,-90.31835137330228,"{0: 14, 1: 2, 2: 2, 3: 0, 4: 2}",0
151,False,"{'a': 0.5, 'e': 0.6225}",20,0,-69.80894565786554,"{0: 14, 1: 1, 2: 4, 3: 0, 4: 1}",0
152,False,"{'a': 0.5, 'e': 0.62}",20,0,-83.83656324309482,"{0: 12, 1: 2, 2: 5, 3: 0, 4: 1}",0
153,False,"{'a': 0.5, 'e': 0.6174999999999999}",20,12,2.2307953932984503,"{0: 7, 1: 0, 2: 1, 3: 0, 4: 0}",1
154,False,"{'a': 0.5, 'e': 0.615}",20,0,-47.013930641716236,"{0: 14, 1: 0, 2: 5, 3: 1, 4: 0}",0
155,False,"{'a': 0.5, 'e': 0.6125}",20,0,-80.91869281513718,"{0: 14, 1: 1, 2: 3, 3: 1, 4: 1}",0
156,False,"{'a': 0.5, 'e': 0.61}",25,0,-303.90247547654405,"{0: 13, 1: 2, 2: 1, 3: 3, 4: 6}",0
157,False,"{'a': 0.5, 'e': 0.6074999999999999}",20,7,-38.96085893331604,"{0: 10, 1: 1, 2: 1, 3: 0, 4: 1}",1
158,False,"{'a': 0.5, 'e': 0.605}",25,8,-10.023862567630518,"{0: 15, 1: 0, 2: 1, 3: 1, 4: 0}",1
159,False,"{'a': 0.5, 'e': 0.6025}",20,0,-71.73372934117657,"{0: 16, 1: 1, 2: 1, 3: 0, 4: 2}",0
160,False,"{'a': 0.5, 'e': 0.6}",30,0,-121.9152038511016,"{0: 18, 1: 0, 2: 11, 3: 0, 4: 1}",0
161,False,"{'a': 0.5, 'e': 0.5974999999999999}",30,16,12.251863201472633,"{0: 13, 1: 0, 2: 1, 3: 0, 4: 0}",1
162,False,"{'a': 0.5, 'e': 0.595}",25,10,-5.423151204195193,"{0: 12, 1: 1, 2: 2, 3: 0, 4: 0}",1
163,False,"{'a': 0.5, 'e': 0.5925}",35,0,-55.59963249832945,"{0: 28, 1: 3, 2: 2, 3: 1, 4: 1}",0
164,False,"{'a': 0.5, 'e': 0.59}",20,12,7.571813700925805,"{0: 7, 1: 1, 2: 0, 3: 0, 4: 0}",1
165,False,"{'a': 0.5, 'e': 0.5874999999999999}",20,0,-28.061956161909087,"{0: 18, 1: 0, 2: 0, 3: 1, 4: 1}",0
166,False,"{'a': 0.5, 'e': 0.585}",20,8,6.726961079572292,"{0: 11, 1: 0, 2: 1, 3: 0, 4: 0}",1
167,False,"{'a': 0.5, 'e': 0.5825}",30,18,-48.91022242107278,"{0: 8, 1: 0, 2: 2, 3: 2, 4: 0}",1
168,False,"{'a': 0.5, 'e': 0.5800000000000001}",25,0,-59.31494407770139,"{0: 19, 1: 2, 2: 3, 3: 0, 4: 1}",0
169,False,"{'a': 0.5, 'e': 0.5775}",25,0,-68.57534112497272,"{0: 20, 1: 0, 2: 3, 3: 1, 4: 1}",0
170,False,"{'a': 0.5, 'e': 0.575}",25,0,-47.63155172452492,"{0: 18, 1: 2, 2: 4, 3: 1, 4: 0}",0
171,False,"{'a': 0.5, 'e': 0.5725}",25,3,-57.50559454644314,"{0: 15, 1: 4, 2: 2, 3: 0, 4: 1}",1
172,False,"{'a': 0.5, 'e': 0.5700000000000001}",25,0,-30.961061905214468,"{0: 19, 1: 0, 2: 6, 3: 0, 4: 0}",0
173,False,"{'a': 0.5, 'e': 0.5675}",20,0,-23.587986678603,"{0: 16, 1: 1, 2: 2, 3: 1, 4: 0}",0
174,False,"{'a': 0.5, 'e': 0.565}",30,0,-167.65685233469677,"{0: 19, 1: 3, 2: 4, 3: 1, 4: 3}",0
175,False,"{'a': 0.5, 'e': 0.5625}",20,0,-71.87900301030818,"{0: 16, 1: 1, 2: 1, 3: 0, 4: 2}",0
176,False,"{'a': 0.5, 'e': 0.56}",20,4,-8.07511627353242,"{0: 13, 1: 1, 2: 2, 3: 0, 4: 0}",1
177,False,"{'a': 0.5, 'e': 0.5575}",25,0,-71.78238053133163,"{0: 21, 1: 0, 2: 2, 3: 0, 4: 2}",0
178,False,"{'a': 0.5, 'e': 0.5549999999999999}",25,0,-109.74084828655619,"{0: 18, 1: 1, 2: 3, 3: 1, 4: 2}",0
179,False,"{'a': 0.5, 'e': 0.5525}",20,0,-17.279330749613376,"{0: 17, 1: 0, 2: 2, 3: 1, 4: 0}",0
180,False,"{'a': 0.5, 'e': 0.55}",25,0,-75.06685233619925,"{0: 21, 1: 1, 2: 0, 3: 1, 4: 2}",0
181,False,"{'a': 0.5, 'e': 0.5475}",20,0,-1.946722508845496,"{0: 16, 1: 2, 2: 2, 3: 0, 4: 0}",0
182,False,"{'a': 0.5, 'e': 0.5449999999999999}",35,8,-15.05537085806962,"{0: 23, 1: 1, 2: 2, 3: 1, 4: 0}",1
183,False,"{'a': 0.5, 'e': 0.5425}",25,5,-19.98675572004436,"{0: 14, 1: 3, 2: 3, 3: 0, 4: 0}",1
184,False,"{'a': 0.5, 'e': 0.54}",25,0,-152.7733922504918,"{0: 16, 1: 0, 2: 6, 3: 0, 4: 3}",0
185,False,"{'a': 0.5, 'e': 0.5375}",25,0,-65.50734299996508,"{0: 19, 1: 1, 2: 3, 3: 1, 4: 1}",0
186,False,"{'a': 0.5, 'e': 0.5349999999999999}",20,0,6.424292364469416,"{0: 17, 1: 2, 2: 1, 3: 0, 4: 0}",0
187,False,"{'a': 0.5, 'e': 0.5325}",35,8,-23.72539861544319,"{0: 25, 1: 0, 2: 0, 3: 1, 4: 1}",1
188,False,"{'a': 0.5, 'e': 0.53}",20,0,5.805319654325738,"{0: 18, 1: 1, 2: 1, 3: 0, 4: 0}",0
189,False,"{'a': 0.5, 'e': 0.5275}",20,0,-106.98633250006147,"{0: 12, 1: 3, 2: 3, 3: 0, 4: 2}",0
190,False,"{'a': 0.5, 'e': 0.5249999999999999}",25,7,-40.85192068096734,"{0: 14, 1: 2, 2: 1, 3: 0, 4: 1}",1
191,False,"{'a': 0.5, 'e': 0.5225}",20,13,15.7527592990525,"{0: 7, 1: 0, 2: 0, 3: 0, 4: 0}",1
192,False,"{'a': 0.5, 'e': 0.52}",25,0,-58.002846852105655,"{0: 19, 1: 0, 2: 5, 3: 0, 4: 1}",0
193,False,"{'a': 0.5, 'e': 0.5175000000000001}",20,6,-47.035651147077026,"{0: 10, 1: 1, 2: 2, 3: 0, 4: 1}",1
194,False,"{'a': 0.5, 'e': 0.515}",20,0,11.924890806056856,"{0: 17, 1: 2, 2: 1, 3: 0, 4: 0}",0
195,False,"{'a': 0.5, 'e': 0.5125}",20,9,22.859771439361975,"{0: 11, 1: 0, 2: 0, 3: 0, 4: 0}",1
196,False,"{'a': 0.5, 'e': 0.51}",20,0,-28.951852761034303,"{0: 17, 1: 0, 2: 1, 3: 2, 4: 0}",0
197,False,"{'a': 0.5, 'e': 0.5075000000000001}",25,11,13.166949732043681,"{0: 13, 1: 0, 2: 1, 3: 0, 4: 0}",1
198,False,"{'a': 0.5, 'e': 0.505}",25,0,-96.97967923862214,"{0: 17, 1: 0, 2: 6, 3: 1, 4: 1}",0
199,False,"{'a': 0.5, 'e': 0.5025}",30,3,-40.51812151820763,"{0: 21, 1: 3, 2: 2, 3: 0, 4: 1}",1
200,False,"{'a': 0.5, 'e': 0.5}",20,0,-44.03355583538314,"{0: 15, 1: 2, 2: 2, 3: 0, 4: 1}",0
201,False,"{'a': 0.5, 'e': 0.49749999999999994}",25,10,0.35863804457805926,"{0: 13, 1: 0, 2: 2, 3: 0, 4: 0}",1
202,False,"{'a': 0.5, 'e': 0.495}",20,3,-22.0143808199349,"{0: 15, 1: 1, 2: 0, 3: 0, 4: 1}",1
203,False,"{'a': 0.5, 'e': 0.49249999999999994}",20,4,-22.587872823850613,"{0: 14, 1: 1, 2: 0, 3: 0, 4: 1}",1
204,False,"{'a': 0.5, 'e': 0.49}",20,0,4.735097759320095,"{0: 17, 1: 2, 2: 1, 3: 0, 4: 0}",0
205,False,"{'a': 0.5, 'e': 0.48750000000000004}",25,15,-7.64633708032567,"{0: 8, 1: 0, 2: 2, 3: 0, 4: 0}",1
206,False,"{'a': 0.5, 'e': 0.485}",25,0,-79.64476578634219,"{0: 20, 1: 1, 2: 2, 3: 0, 4: 2}",0
207,False,"{'a': 0.5, 'e': 0.48250000000000004}",20,0,-21.020189863378942,"{0: 18, 1: 1, 2: 0, 3: 0, 4: 1}",0
208,False,"{'a': 0.5, 'e': 0.48}",20,0,14.074132976131274,"{0: 19, 1: 0, 2: 1, 3: 0, 4: 0}",0
209,False,"{'a': 0.5, 'e': 0.47750000000000004}",20,0,-15.858895132959262,"{0: 16, 1: 0, 2: 4, 3: 0, 4: 0}",0
210,False,"{'a': 0.5, 'e': 0.475}",25,0,-125.6192651148193,"{0: 17, 1: 1, 2: 4, 3: 1, 4: 2}",0
211,False,"{'a': 0.5, 'e': 0.47250000000000003}",20,0,-16.03461037469731,"{0: 16, 1: 0, 2: 4, 3: 0, 4: 0}",0
212,False,"{'a': 0.5, 'e': 0.47}",20,0,-52.6682438660474,"{0: 14, 1: 3, 2: 2, 3: 0, 4: 1}",0
213,False,"{'a': 0.5, 'e': 0.4675}",20,9,-1.2757245156210912,"{0: 9, 1: 1, 2: 1, 3: 0, 4: 0}",1
214,False,"{'a': 0.5, 'e': 0.46499999999999997}",35,0,-77.14020276544736,"{0: 27, 1: 2, 2: 4, 3: 1, 4: 1}",0
215,False,"{'a': 0.5, 'e': 0.4625}",30,3,-78.16410883161714,"{0: 18, 1: 2, 2: 6, 3: 0, 4: 1}",1
216,False,"{'a': 0.5, 'e': 0.45999999999999996}",20,0,-55.24977296586695,"{0: 15, 1: 1, 2: 3, 3: 0, 4: 1}",0
217,False,"{'a': 0.5, 'e': 0.4575}",20,0,-13.750808387676104,"{0: 16, 1: 1, 2: 2, 3: 1, 4: 0}",0
218,False,"{'a': 0.5, 'e': 0.45499999999999996}",20,4,7.40292560637006,"{0: 14, 1: 1, 2: 1, 3: 0, 4: 0}",1
219,False,"{'a': 0.5, 'e': 0.4525}",25,0,-96.67820511041556,"{0: 18, 1: 1, 2: 3, 3: 2, 4: 1}",0
220,False,"{'a': 0.5, 'e': 0.44999999999999996}",25,3,-64.84174517907785,"{0: 17, 1: 0, 2: 3, 3: 1, 4: 1}",1
221,False,"{'a': 0.5, 'e': 0.4475}",25,12,-3.4796149495513586,"{0: 10, 1: 2, 2: 1, 3: 0, 4: 0}",1
222,False,"{'a': 0.5, 'e': 0.44499999999999995}",25,0,11.15499919224749,"{0: 23, 1: 0, 2: 2, 3: 0, 4: 0}",0
223,False,"{'a': 0.5, 'e': 0.4425}",20,0,-61.40618611827381,"{0: 15, 1: 0, 2: 4, 3: 0, 4: 1}",0
224,False,"{'a': 0.5, 'e': 0.43999999999999995}",30,0,-23.345760534940144,"{0: 24, 1: 1, 2: 5, 3: 0, 4: 0}",0
225,False,"{'a': 0.5, 'e': 0.4375}",20,0,-73.9748714691507,"{0: 11, 1: 6, 2: 2, 3: 0, 4: 1}",0
226,False,"{'a': 0.5, 'e': 0.43499999999999994}",20,1,5.022047991722088,"{0: 16, 1: 3, 2: 0, 3: 0, 4: 0}",1
227,False,"{'a': 0.5, 'e': 0.4325}",30,0,-109.92024830301403,"{0: 22, 1: 2, 2: 3, 3: 1, 4: 2}",0
228,False,"{'a': 0.5, 'e': 0.42999999999999994}",20,0,-98.0225013218416,"{0: 15, 1: 1, 2: 1, 3: 1, 4: 2}",0
229,False,"{'a': 0.5, 'e': 0.4275}",20,0,-36.225617319213306,"{0: 17, 1: 0, 2: 2, 3: 0, 4: 1}",0
230,False,"{'a': 0.5, 'e': 0.42499999999999993}",30,13,-0.4348277554877089,"{0: 15, 1: 0, 2: 2, 3: 0, 4: 0}",1
231,False,"{'a': 0.5, 'e': 0.4225}",20,7,19.95568459400345,"{0: 13, 1: 0, 2: 0, 3: 0, 4: 0}",1
232,False,"{'a': 0.5, 'e': 0.42000000000000004}",25,13,-59.79654582989455,"{0: 8, 1: 0, 2: 3, 3: 0, 4: 1}",1
233,False,"{'a': 0.5, 'e': 0.4175}",25,13,-28.63073087239473,"{0: 7, 1: 1, 2: 4, 3: 0, 4: 0}",1
234,False,"{'a': 0.5, 'e': 0.41500000000000004}",20,0,-30.345973241111107,"{0: 17, 1: 1, 2: 1, 3: 0, 4: 1}",0
235,False,"{'a': 0.5, 'e': 0.4125}",20,0,-58.45510911762338,"{0: 16, 1: 0, 2: 2, 3: 1, 4: 1}",0
236,False,"{'a': 0.5, 'e': 0.41000000000000003}",25,2,29.60275049239077,"{0: 22, 1: 0, 2: 1, 3: 0, 4: 0}",1
237,False,"{'a': 0.5, 'e': 0.4075}",25,7,10.434652688783778,"{0: 16, 1: 0, 2: 2, 3: 0, 4: 0}",1
238,False,"{'a': 0.5, 'e': 0.405}",25,0,-10.948875321925087,"{0: 21, 1: 0, 2: 4, 3: 0, 4: 0}",0
239,False,"{'a': 0.5, 'e': 0.40249999999999997}",25,0,11.883109112863172,"{0: 22, 1: 2, 2: 1, 3: 0, 4: 0}",0
240,False,"{'a': 0.5, 'e': 0.4}",20,6,-36.357193906228105,"{0: 11, 1: 1, 2: 1, 3: 0, 4: 1}",1
241,False,"{'a': 0.5, 'e': 0.39749999999999996}",20,0,-13.761137017770027,"{0: 17, 1: 1, 2: 1, 3: 1, 4: 0}",0
242,False,"{'a': 0.5, 'e': 0.395}",20,0,1.9167167304472028,"{0: 17, 1: 1, 2: 2, 3: 0, 4: 0}",0
243,False,"{'a': 0.5, 'e': 0.39249999999999996}",20,14,11.081872424403844,"{0: 6, 1: 0, 2: 0, 3: 0, 4: 0}",1
244,False,"{'a': 0.5, 'e': 0.39}",20,5,-8.972169669392109,"{0: 12, 1: 0, 2: 3, 3: 0, 4: 0}",1
245,False,"{'a': 0.5, 'e': 0.38749999999999996}",20,6,-54.823577009838566,"{0: 10, 1: 0, 2: 3, 3: 0, 4: 1}",1
246,False,"{'a': 0.5, 'e': 0.385}",20,0,6.235454588916889,"{0: 17, 1: 3, 2: 0, 3: 0, 4: 0}",0
247,False,"{'a': 0.5, 'e': 0.38249999999999995}",20,0,13.65449170923771,"{0: 19, 1: 0, 2: 1, 3: 0, 4: 0}",0
248,False,"{'a': 0.5, 'e': 0.38}",20,9,-1.7531028488195572,"{0: 10, 1: 0, 2: 0, 3: 1, 4: 0}",1
249,False,"{'a': 0.5, 'e': 0.37749999999999995}",20,8,12.14679931648327,"{0: 11, 1: 0, 2: 1, 3: 0, 4: 0}",1
250,False,"{'a': 0.5, 'e': 0.375}",25,19,13.570580478499707,"{0: 6, 1: 0, 2: 0, 3: 0, 4: 0}",1
251,False,"{'a': 0.5, 'e': 0.37249999999999994}",20,14,-1.3250243055366182,"{0: 4, 1: 2, 2: 0, 3: 0, 4: 0}",1
252,False,"{'a': 0.5, 'e': 0.37}",35,16,-20.403707762868176,"{0: 17, 1: 0, 2: 1, 3: 0, 4: 1}",1
253,False,"{'a': 0.5, 'e': 0.36749999999999994}",25,13,3.5901592187072096,"{0: 10, 1: 1, 2: 1, 3: 0, 4: 0}",1
254,False,"{'a': 0.5, 'e': 0.365}",25,0,-86.12008585772158,"{0: 19, 1: 2, 2: 2, 3: 0, 4: 2}",0
255,False,"{'a': 0.5, 'e': 0.36249999999999993}",20,0,19.210044943780826,"{0: 18, 1: 2, 2: 0, 3: 0, 4: 0}",0
256,False,"{'a': 0.5, 'e': 0.36}",20,1,-56.05904795673848,"{0: 15, 1: 0, 2: 2, 3: 1, 4: 1}",1
257,False,"{'a': 0.5, 'e': 0.35750000000000004}",20,8,-33.04001280661434,"{0: 10, 1: 0, 2: 1, 3: 0, 4: 1}",1
258,False,"{'a': 0.5, 'e': 0.355}",30,17,-22.89911573256185,"{0: 11, 1: 1, 2: 0, 3: 0, 4: 1}",1
259,False,"{'a': 0.5, 'e': 0.35250000000000004}",20,14,-0.8393668953460343,"{0: 4, 1: 2, 2: 0, 3: 0, 4: 0}",1
260,False,"{'a': 0.5, 'e': 0.35}",20,2,8.698453977503732,"{0: 16, 1: 1, 2: 1, 3: 0, 4: 0}",1
261,False,"{'a': 0.5, 'e': 0.34750000000000003}",20,5,-7.046000251740662,"{0: 12, 1: 1, 2: 2, 3: 0, 4: 0}",1
262,False,"{'a': 0.5, 'e': 0.345}",20,0,-61.30486495547353,"{0: 16, 1: 0, 2: 2, 3: 1, 4: 1}",0
263,False,"{'a': 0.5, 'e': 0.3425}",30,16,-5.299167943165828,"{0: 11, 1: 1, 2: 2, 3: 0, 4: 0}",1
264,False,"{'a': 0.5, 'e': 0.33999999999999997}",25,14,9.98823853424516,"{0: 10, 1: 0, 2: 1, 3: 0, 4: 0}",1
265,False,"{'a': 0.5, 'e': 0.3375}",25,11,-35.074360182340556,"{0: 12, 1: 0, 2: 1, 3: 0, 4: 1}",1
266,False,"{'a': 0.5, 'e': 0.33499999999999996}",25,1,21.7723106236473,"{0: 23, 1: 0, 2: 1, 3: 0, 4: 0}",1
267,False,"{'a': 0.5, 'e': 0.3325}",20,1,13.948066343401681,"{0: 17, 1: 1, 2: 1, 3: 0, 4: 0}",1
268,False,"{'a': 0.5, 'e': 0.32999999999999996}",20,15,11.25898355573438,"{0: 5, 1: 0, 2: 0, 3: 0, 4: 0}",1
269,False,"{'a': 0.5, 'e': 0.3275}",20,9,4.666439761331242,"{0: 10, 1: 0, 2: 1, 3: 0, 4: 0}",1
270,False,"{'a': 0.5, 'e': 0.32499999999999996}",20,0,-25.137828255903756,"{0: 17, 1: 1, 2: 1, 3: 0, 4: 1}",0
271,False,"{'a': 0.5, 'e': 0.3225}",35,27,7.1526035281879805,"{0: 7, 1: 1, 2: 0, 3: 0, 4: 0}",1
272,False,"{'a': 0.5, 'e': 0.31999999999999995}",20,10,-17.69284531712145,"{0: 7, 1: 0, 2: 3, 3: 0, 4: 0}",1
273,False,"{'a': 0.5, 'e': 0.3175}",25,13,9.51902993281204,"{0: 11, 1: 0, 2: 1, 3: 0, 4: 0}",1
274,False,"{'a': 0.5, 'e': 0.31499999999999995}",20,12,15.273563258718928,"{0: 8, 1: 0, 2: 0, 3: 0, 4: 0}",1
275,False,"{'a': 0.5, 'e': 0.3125}",20,0,29.401056136204254,"{0: 20, 1: 0, 2: 0, 3: 0, 4: 0}",0
276,False,"{'a': 0.5, 'e': 0.30999999999999994}",25,0,28.81208063076515,"{0: 24, 1: 1, 2: 0, 3: 0, 4: 0}",0
277,False,"{'a': 0.5, 'e': 0.3075}",25,0,-24.27523102511565,"{0: 22, 1: 1, 2: 1, 3: 0, 4: 1}",0
278,False,"{'a': 0.5, 'e': 0.30499999999999994}",25,3,-37.44668030275151,"{0: 18, 1: 1, 2: 2, 3: 0, 4: 1}",1
279,False,"{'a': 0.5, 'e': 0.3025}",30,16,7.425516317796736,"{0: 12, 1: 1, 2: 1, 3: 0, 4: 0}",1
280,False,"{'a': 0.5, 'e': 0.29999999999999993}",20,0,3.099932724822975,"{0: 18, 1: 0, 2: 2, 3: 0, 4: 0}",0
281,False,"{'a': 0.5, 'e': 0.2975}",20,5,8.340718304520575,"{0: 13, 1: 2, 2: 0, 3: 0, 4: 0}",1
282,False,"{'a': 0.5, 'e': 0.29500000000000004}",30,15,0.896995327260045,"{0: 13, 1: 0, 2: 2, 3: 0, 4: 0}",1
283,False,"{'a': 0.5, 'e': 0.2925}",20,10,17.59645323446231,"{0: 10, 1: 0, 2: 0, 3: 0, 4: 0}",1
284,False,"{'a': 0.5, 'e': 0.29000000000000004}",20,0,10.26328864733455,"{0: 19, 1: 0, 2: 0, 3: 1, 4: 0}",0
285,False,"{'a': 0.5, 'e': 0.2875}",25,0,18.531685404426174,"{0: 23, 1: 1, 2: 1, 3: 0, 4: 0}",0
286,False,"{'a': 0.5, 'e': 0.28500000000000003}",20,6,-39.49437235457688,"{0: 11, 1: 0, 2: 2, 3: 0, 4: 1}",1
287,False,"{'a': 0.5, 'e': 0.2825}",20,1,12.952071491053731,"{0: 18, 1: 0, 2: 0, 3: 1, 4: 0}",1
288,False,"{'a': 0.5, 'e': 0.28}",20,12,0.6884712487377367,"{0: 7, 1: 0, 2: 1, 3: 0, 4: 0}",1
289,False,"{'a': 0.5, 'e': 0.27749999999999997}",20,0,9.511833229211353,"{0: 18, 1: 1, 2: 1, 3: 0, 4: 0}",1
290,False,"{'a': 0.5, 'e': 0.275}",20,15,-9.774854766667088,"{0: 4, 1: 0, 2: 0, 3: 1, 4: 0}",1
291,False,"{'a': 0.5, 'e': 0.27249999999999996}",20,11,15.158763671405017,"{0: 9, 1: 0, 2: 0, 3: 0, 4: 0}",1
292,False,"{'a': 0.5, 'e': 0.27}",30,7,25.18803946168719,"{0: 22, 1: 0, 2: 1, 3: 0, 4: 0}",1
293,False,"{'a': 0.5, 'e': 0.26749999999999996}",20,0,-25.891351086782265,"{0: 16, 1: 1, 2: 2, 3: 1, 4: 0}",0
294,False,"{'a': 0.5, 'e': 0.265}",25,6,-49.42698092188851,"{0: 15, 1: 1, 2: 1, 3: 1, 4: 1}",1
295,False,"{'a': 0.5, 'e': 0.26249999999999996}",30,19,-12.575171811352359,"{0: 8, 1: 1, 2: 2, 3: 0, 4: 0}",1
296,False,"{'a': 0.5, 'e': 0.26}",25,18,11.192480874223342,"{0: 7, 1: 0, 2: 0, 3: 0, 4: 0}",1
297,False,"{'a': 0.5, 'e': 0.25749999999999995}",20,14,13.729681752935914,"{0: 6, 1: 0, 2: 0, 3: 0, 4: 0}",1
298,False,"{'a': 0.5, 'e': 0.255}",25,10,24.655357851168635,"{0: 15, 1: 0, 2: 0, 3: 0, 4: 0}",1
299,False,"{'a': 0.5, 'e': 0.25249999999999995}",25,0,34.44767790123644,"{0: 24, 1: 1, 2: 0, 3: 0, 4: 0}",0
300,False,"{'a': 0.5, 'e': 0.25}",20,0,-20.970726897182388,"{0: 18, 1: 1, 2: 0, 3: 0, 4: 1}",0
301,False,"{'a': 0.5, 'e': 0.24749999999999994}",20,9,18.539860852203756,"{0: 11, 1: 0, 2: 0, 3: 0, 4: 0}",1
302,False,"{'a': 0.5, 'e': 0.245}",25,10,0.4894958924905972,"{0: 14, 1: 0, 2: 0, 3: 1, 4: 0}",1
303,False,"{'a': 0.5, 'e': 0.24249999999999994}",20,0,-52.0046031371448,"{0: 16, 1: 0, 2: 3, 3: 0, 4: 1}",0
304,False,"{'a': 0.5, 'e': 0.24}",25,1,-29.36602129882081,"{0: 20, 1: 1, 2: 2, 3: 0, 4: 1}",1
305,False,"{'a': 0.5, 'e': 0.23749999999999993}",30,9,9.27201392676086,"{0: 19, 1: 1, 2: 0, 3: 1, 4: 0}",1
306,False,"{'a': 0.5, 'e': 0.235}",30,10,29.48554403888836,"{0: 19, 1: 1, 2: 0, 3: 0, 4: 0}",1
307,False,"{'a': 0.5, 'e': 0.23249999999999993}",25,11,12.17057092158541,"{0: 13, 1: 0, 2: 1, 3: 0, 4: 0}",1
308,False,"{'a': 0.5, 'e': 0.22999999999999998}",30,11,-7.815470198213023,"{0: 18, 1: 0, 2: 0, 3: 0, 4: 1}",1
309,False,"{'a': 0.5, 'e': 0.22750000000000004}",25,10,25.706703127667865,"{0: 15, 1: 0, 2: 0, 3: 0, 4: 0}",1
310,False,"{'a': 0.5, 'e': 0.22499999999999998}",20,10,-3.6455923996179216,"{0: 8, 1: 0, 2: 2, 3: 0, 4: 0}",1
311,False,"{'a': 0.5, 'e': 0.22250000000000003}",35,0,43.78207861513129,"{0: 34, 1: 0, 2: 1, 3: 0, 4: 0}",0
312,False,"{'a': 0.5, 'e': 0.21999999999999997}",30,10,1.9361440880339826,"{0: 17, 1: 1, 2: 2, 3: 0, 4: 0}",1
313,False,"{'a': 0.5, 'e': 0.21750000000000003}",25,5,-29.827922074576335,"{0: 17, 1: 0, 2: 2, 3: 0, 4: 1}",1
314,False,"{'a': 0.5, 'e': 0.21499999999999997}",20,14,9.31193076965945,"{0: 6, 1: 0, 2: 0, 3: 0, 4: 0}",1
315,False,"{'a': 0.5, 'e': 0.21250000000000002}",20,6,-15.665168214949755,"{0: 13, 1: 0, 2: 0, 3: 0, 4: 1}",1
316,False,"{'a': 0.5, 'e': 0.20999999999999996}",25,15,12.312932659111873,"{0: 10, 1: 0, 2: 0, 3: 0, 4: 0}",1
317,False,"{'a': 0.5, 'e': 0.20750000000000002}",25,10,14.448218327560372,"{0: 14, 1: 0, 2: 1, 3: 0, 4: 0}",1
318,False,"{'a': 0.5, 'e': 0.20499999999999996}",30,8,-31.90493352630255,"{0: 18, 1: 1, 2: 2, 3: 0, 4: 1}",1
319,False,"{'a': 0.5, 'e': 0.2025}",30,14,18.42031606284319,"{0: 15, 1: 1, 2: 0, 3: 0, 4: 0}",1
320,False,"{'a': 0.5, 'e': 0.19999999999999996}",25,11,22.67863136445453,"{0: 14, 1: 0, 2: 0, 3: 0, 4: 0}",1
321,False,"{'a': 0.5, 'e': 0.1975}",25,9,-7.766245521449902,"{0: 13, 1: 2, 2: 0, 3: 1, 4: 0}",1
322,False,"{'a': 0.5, 'e': 0.19499999999999995}",20,0,-21.60863071092412,"{0: 14, 1: 3, 2: 3, 3: 0, 4: 0}",0
323,False,"{'a': 0.5, 'e': 0.1925}",35,2,7.378799721867927,"{0: 29, 1: 1, 2: 3, 3: 0, 4: 0}",1
324,False,"{'a': 0.5, 'e': 0.18999999999999995}",25,15,16.722005564597758,"{0: 10, 1: 0, 2: 0, 3: 0, 4: 0}",1
325,False,"{'a': 0.5, 'e': 0.1875}",20,13,12.850231203775834,"{0: 7, 1: 0, 2: 0, 3: 0, 4: 0}",1
326,False,"{'a': 0.5, 'e': 0.18499999999999994}",25,18,4.982453466712735,"{0: 6, 1: 1, 2: 0, 3: 0, 4: 0}",1
327,False,"{'a': 0.5, 'e': 0.1825}",25,0,33.88038542379882,"{0: 24, 1: 0, 2: 1, 3: 0, 4: 0}",0
328,False,"{'a': 0.5, 'e': 0.17999999999999994}",20,0,-15.918071447480262,"{0: 19, 1: 0, 2: 0, 3: 0, 4: 1}",0
329,False,"{'a': 0.5, 'e': 0.1775}",25,15,20.825828527461837,"{0: 10, 1: 0, 2: 0, 3: 0, 4: 0}",1
330,False,"{'a': 0.5, 'e': 0.17499999999999993}",20,11,16.291675664309082,"{0: 9, 1: 0, 2: 0, 3: 0, 4: 0}",1
331,False,"{'a': 0.5, 'e': 0.1725}",20,12,11.671861545283235,"{0: 8, 1: 0, 2: 0, 3: 0, 4: 0}",1
332,False,"{'a': 0.5, 'e': 0.16999999999999993}",20,7,19.798518139828563,"{0: 13, 1: 0, 2: 0, 3: 0, 4: 0}",1
333,False,"{'a': 0.5, 'e': 0.16749999999999998}",30,8,-5.774474678153609,"{0: 21, 1: 0, 2: 0, 3: 0, 4: 1}",1
334,False,"{'a': 0.5, 'e': 0.16500000000000004}",20,0,-36.53024439407749,"{0: 18, 1: 0, 2: 0, 3: 1, 4: 1}",0
335,False,"{'a': 0.5, 'e': 0.16249999999999998}",20,13,12.020495923857425,"{0: 7, 1: 0, 2: 0, 3: 0, 4: 0}",1
336,False,"{'a': 0.5, 'e': 0.16000000000000003}",25,11,27.46728087486167,"{0: 14, 1: 0, 2: 0, 3: 0, 4: 0}",1
337,False,"{'a': 0.5, 'e': 0.15749999999999997}",25,13,23.25426859127342,"{0: 12, 1: 0, 2: 0, 3: 0, 4: 0}",1
338,False,"{'a': 0.5, 'e': 0.15500000000000003}",25,16,14.67356378065995,"{0: 9, 1: 0, 2: 0, 3: 0, 4: 0}",1
339,False,"{'a': 0.5, 'e': 0.15249999999999997}",30,0,-0.3329613416788286,"{0: 27, 1: 0, 2: 2, 3: 1, 4: 0}",0
340,False,"{'a': 0.5, 'e': 0.15000000000000002}",25,13,14.110034407918718,"{0: 11, 1: 0, 2: 1, 3: 0, 4: 0}",1
341,False,"{'a': 0.5, 'e': 0.14749999999999996}",20,12,16.451429478796452,"{0: 8, 1: 0, 2: 0, 3: 0, 4: 0}",1
342,False,"{'a': 0.5, 'e': 0.14500000000000002}",30,8,34.87017364492537,"{0: 22, 1: 0, 2: 0, 3: 0, 4: 0}",1
343,False,"{'a': 0.5, 'e': 0.14249999999999996}",20,6,24.260097990759686,"{0: 14, 1: 0, 2: 0, 3: 0, 4: 0}",1
344,False,"{'a': 0.5, 'e': 0.14}",20,5,27.24654913505396,"{0: 15, 1: 0, 2: 0, 3: 0, 4: 0}",1
345,False,"{'a': 0.5, 'e': 0.13749999999999996}",30,21,17.148292798282938,"{0: 9, 1: 0, 2: 0, 3: 0, 4: 0}",1
346,False,"{'a': 0.5, 'e': 0.135}",20,11,-4.867850277588287,"{0: 7, 1: 0, 2: 2, 3: 0, 4: 0}",1
347,False,"{'a': 0.5, 'e': 0.13249999999999995}",25,8,25.943390549864827,"{0: 16, 1: 1, 2: 0, 3: 0, 4: 0}",1
348,False,"{'a': 0.5, 'e': 0.13}",20,2,21.286348129664997,"{0: 17, 1: 0, 2: 1, 3: 0, 4: 0}",1
349,False,"{'a': 0.5, 'e': 0.12749999999999995}",35,16,31.602260072369194,"{0: 19, 1: 0, 2: 0, 3: 0, 4: 0}",1
350,False,"{'a': 0.5, 'e': 0.125}",20,0,31.410685668843396,"{0: 20, 1: 0, 2: 0, 3: 0, 4: 0}",0
351,False,"{'a': 0.5, 'e': 0.12249999999999994}",30,0,19.77779494193043,"{0: 27, 1: 2, 2: 1, 3: 0, 4: 0}",0
352,False,"{'a': 0.5, 'e': 0.12}",20,0,12.26704849645571,"{0: 18, 1: 1, 2: 1, 3: 0, 4: 0}",0
353,False,"{'a': 0.5, 'e': 0.11749999999999994}",25,14,20.75362929786362,"{0: 11, 1: 0, 2: 0, 3: 0, 4: 0}",1
354,False,"{'a': 0.5, 'e': 0.11499999999999999}",25,12,24.851828252640466,"{0: 13, 1: 0, 2: 0, 3: 0, 4: 0}",1
355,False,"{'a': 0.5, 'e': 0.11249999999999993}",20,10,6.3417824260005755,"{0: 9, 1: 0, 2: 1, 3: 0, 4: 0}",1
356,False,"{'a': 0.5, 'e': 0.10999999999999999}",25,11,-59.48932888219958,"{0: 10, 1: 0, 2: 2, 3: 1, 4: 1}",1
357,False,"{'a': 0.5, 'e': 0.10749999999999993}",30,7,29.71948036190365,"{0: 22, 1: 1, 2: 0, 3: 0, 4: 0}",1
358,False,"{'a': 0.5, 'e': 0.10499999999999998}",25,11,23.52017191874973,"{0: 14, 1: 0, 2: 0, 3: 0, 4: 0}",1
359,False,"{'a': 0.5, 'e': 0.10250000000000004}",20,8,11.536999142183774,"{0: 11, 1: 0, 2: 1, 3: 0, 4: 0}",1
360,False,"{'a': 0.5, 'e': 0.09999999999999998}",35,1,58.80911267315729,"{0: 34, 1: 0, 2: 0, 3: 0, 4: 0}",1
361,False,"{'a': 0.5, 'e': 0.09750000000000003}",20,8,17.7340492369268,"{0: 11, 1: 1, 2: 0, 3: 0, 4: 0}",1
362,False,"{'a': 0.5, 'e': 0.09499999999999997}",20,12,13.142521315912461,"{0: 8, 1: 0, 2: 0, 3: 0, 4: 0}",1
363,False,"{'a': 0.5, 'e': 0.09250000000000003}",30,23,17.84380715024459,"{0: 7, 1: 0, 2: 0, 3: 0, 4: 0}",1
364,False,"{'a': 0.5, 'e': 0.08999999999999997}",30,14,28.825526936673636,"{0: 16, 1: 0, 2: 0, 3: 0, 4: 0}",1
365,False,"{'a': 0.5, 'e': 0.08750000000000002}",25,5,31.720210686241245,"{0: 20, 1: 0, 2: 0, 3: 0, 4: 0}",1
366,False,"{'a': 0.5, 'e': 0.08499999999999996}",20,3,28.42602036488596,"{0: 17, 1: 0, 2: 0, 3: 0, 4: 0}",1
367,False,"{'a': 0.5, 'e': 0.08250000000000002}",20,0,0.8021107848618154,"{0: 17, 1: 1, 2: 2, 3: 0, 4: 0}",0
368,False,"{'a': 0.5, 'e': 0.07999999999999996}",20,0,21.778056233782994,"{0: 19, 1: 1, 2: 0, 3: 0, 4: 0}",0
369,False,"{'a': 0.5, 'e': 0.07750000000000001}",25,14,21.64585064924665,"{0: 11, 1: 0, 2: 0, 3: 0, 4: 0}",1
370,False,"{'a': 0.5, 'e': 0.07499999999999996}",20,12,13.155311369085483,"{0: 8, 1: 0, 2: 0, 3: 0, 4: 0}",1
371,False,"{'a': 0.5, 'e': 0.07250000000000001}",20,14,9.87461878862049,"{0: 6, 1: 0, 2: 0, 3: 0, 4: 0}",1
372,False,"{'a': 0.5, 'e': 0.06999999999999995}",20,3,28.457034090392835,"{0: 17, 1: 0, 2: 0, 3: 0, 4: 0}",1
373,False,"{'a': 0.5, 'e': 0.0675}",25,13,18.683767044772143,"{0: 12, 1: 0, 2: 0, 3: 0, 4: 0}",1
374,False,"{'a': 0.5, 'e': 0.06499999999999995}",20,0,-10.747683022017558,"{0: 19, 1: 0, 2: 0, 3: 0, 4: 1}",1
375,False,"{'a': 0.5, 'e': 0.0625}",25,7,33.05229680068488,"{0: 18, 1: 0, 2: 0, 3: 0, 4: 0}",1
376,False,"{'a': 0.5, 'e': 0.05999999999999994}",20,16,8.27734113582843,"{0: 4, 1: 0, 2: 0, 3: 0, 4: 0}",1
377,False,"{'a': 0.5, 'e': 0.057499999999999996}",20,7,25.95197473047985,"{0: 13, 1: 0, 2: 0, 3: 0, 4: 0}",1
378,False,"{'a': 0.5, 'e': 0.05499999999999994}",25,11,-15.541053327033163,"{0: 13, 1: 0, 2: 0, 3: 0, 4: 1}",1
379,False,"{'a': 0.5, 'e': 0.05249999999999999}",25,12,12.701913439563642,"{0: 12, 1: 0, 2: 1, 3: 0, 4: 0}",1
380,False,"{'a': 0.5, 'e': 0.04999999999999993}",30,13,9.791648607343962,"{0: 15, 1: 1, 2: 1, 3: 0, 4: 0}",1
1,True,"{'a': 0, 'e': 0}",30,16,27.524829059196485,"{0: 14, 1: 0, 2: 0, 3: 0, 4: 0}",1
2,True,"{'a': 0, 'e': 0}",35,18,28.508943616055795,"{0: 17, 1: 0, 2: 0, 3: 0, 4: 0}",1
3,True,"{'a': 0, 'e': 0}",30,18,23.94283846401648,"{0: 12, 1: 0, 2: 0, 3: 0, 4: 0}",1
4,True,"{'a': 0, 'e': 0}",20,12,16.221278846752416,"{0: 8, 1: 0, 2: 0, 3: 0, 4: 0}",1
5,True,"{'a': 0, 'e': 0}",25,19,9.616431902441645,"{0: 6, 1: 0, 2: 0, 3: 0, 4: 0}",1
6,True,"{'a': 0, 'e': 0}",30,22,16.513153933796218,"{0: 8, 1: 0, 2: 0, 3: 0, 4: 0}",1
7,True,"{'a': 0, 'e': 0}",20,8,25.95271963962393,"{0: 12, 1: 0, 2: 0, 3: 0, 4: 0}",1
8,True,"{'a': 0, 'e': 0}",20,8,20.156226257029534,"{0: 12, 1: 0, 2: 0, 3: 0, 4: 0}",1
9,True,"{'a': 0, 'e': 0}",25,2,33.66051035616345,"{0: 23, 1: 0, 2: 0, 3: 0, 4: 0}",1
10,True,"{'a': 0, 'e': 0}",20,12,15.573618529088007,"{0: 8, 1: 0, 2: 0, 3: 0, 4: 0}",1
11,True,"{'a': 0, 'e': 0}",20,8,25.566871353180368,"{0: 12, 1: 0, 2: 0, 3: 0, 4: 0}",1
12,True,"{'a': 0, 'e': 0}",25,11,24.53735005091954,"{0: 14, 1: 0, 2: 0, 3: 0, 4: 0}",1
13,True,"{'a': 0, 'e': 0}",20,11,1.1753572521503572,"{0: 7, 1: 2, 2: 0, 3: 0, 4: 0}",1
14,True,"{'a': 0, 'e': 0}",35,27,17.89115916106564,"{0: 8, 1: 0, 2: 0, 3: 0, 4: 0}",1
15,True,"{'a': 0, 'e': 0}",20,14,12.372933286846873,"{0: 6, 1: 0, 2: 0, 3: 0, 4: 0}",1
16,True,"{'a': 0, 'e': 0}",20,9,23.047777160860157,"{0: 11, 1: 0, 2: 0, 3: 0, 4: 0}",1
17,True,"{'a': 0, 'e': 0}",20,11,13.998350444953166,"{0: 9, 1: 0, 2: 0, 3: 0, 4: 0}",1
18,True,"{'a': 0, 'e': 0}",20,0,35.46436282075363,"{0: 20, 1: 0, 2: 0, 3: 0, 4: 0}",0
19,True,"{'a': 0, 'e': 0}",25,8,33.358680497953415,"{0: 17, 1: 0, 2: 0, 3: 0, 4: 0}",1
20,True,"{'a': 0, 'e': 0}",30,8,37.46018169334274,"{0: 22, 1: 0, 2: 0, 3: 0, 4: 0}",1
21,True,"{'a': 0, 'e': 0}",20,5,25.06166468765386,"{0: 15, 1: 0, 2: 0, 3: 0, 4: 0}",1
22,True,"{'a': 0, 'e': 0}",20,3,21.202336793815174,"{0: 16, 1: 1, 2: 0, 3: 0, 4: 0}",1
23,True,"{'a': 0, 'e': 0}",30,13,29.297062324794762,"{0: 16, 1: 1, 2: 0, 3: 0, 4: 0}",1
24,True,"{'a': 0, 'e': 0}",35,21,17.299332203666427,"{0: 13, 1: 1, 2: 0, 3: 0, 4: 0}",1
25,True,"{'a': 0, 'e': 0}",20,13,17.127012885224755,"{0: 7, 1: 0, 2: 0, 3: 0, 4: 0}",1
26,True,"{'a': 0, 'e': 0}",25,18,11.581177373590053,"{0: 7, 1: 0, 2: 0, 3: 0, 4: 0}",1
27,True,"{'a': 0, 'e': 0}",20,6,26.58230239481988,"{0: 14, 1: 0, 2: 0, 3: 0, 4: 0}",1
28,True,"{'a': 0, 'e': 0}",25,12,21.704983210382828,"{0: 13, 1: 0, 2: 0, 3: 0, 4: 0}",1
29,True,"{'a': 0, 'e': 0}",25,10,28.461743975770645,"{0: 15, 1: 0, 2: 0, 3: 0, 4: 0}",1
30,True,"{'a': 0, 'e': 0}",20,12,16.02898988535261,"{0: 8, 1: 0, 2: 0, 3: 0, 4: 0}",1
